{
  "crop_high_txt": {
    "x": 10.867866983175954,
    "y": 15.534378054223493
  },
  "date_app": {
    "x": 83.60443208012889,
    "y": 13.914358205936232
  },
  "farmer_id": {
    "x": 31.01564644582508,
    "y": 15.350183513110016
  },
  "last_name": {
    "x": 18.493074739408627,
    "y": 19.64340417433283
  },
  "first_name": {
    "x": 31.897506872372617,
    "y": 19.643403800750356
  },
  "mid_name": {
    "x": 46.44044316046126,
    "y": 19.643403800750356
  },
  "suffix": {
    "x": 60.35639816401922,
    "y": 19.648850254977358
  },
  "addr_street": {
    "x": 17.677562274034646,
    "y": 23.22207208922321
  },
  "addr_brgy": {
    "x": 29.7975068723726,
    "y": 23.22207208922321
  },
  "addr_muni": {
    "x": 49.77091407458867,
    "y": 23.224139405706204
  },
  "addr_prov": {
    "x": 63.905817121680094,
    "y": 23.2669030975486
  },
  "contact": {
    "x": 74.10681540828324,
    "y": 20.26734742919647
  },
  "birthday": {
    "x": 82.32686975325903,
    "y": 22.924139312310583
  },
  "sex_male": {
    "x": 9.889196623065134,
    "y": 26.93936822242945
  },
  "sex_female": {
    "x": 15.775623215862918,
    "y": 26.841435819099292
  },
  "civ_single": {
    "x": 18.684210473480647,
    "y": 28.506286675711944
  },
  "civ_married": {
    "x": 24.501384988716104,
    "y": 28.457320474046867
  },
  "civ_widow": {
    "x": 32.880886373757654,
    "y": 28.653185280707177
  },
  "civ_sep": {
    "x": 43.337950085669014,
    "y": 28.496492837646976
  },
  "spouse": {
    "x": 65.75581367137275,
    "y": 28.72296754479259
  },
  "sec_ip": {
    "x": 58.0060840595198,
    "y": 26.833443355676867
  },
  "sec_pwd": {
    "x": 28.94459801507128,
    "y": 26.786205250948967
  },
  "sec_sc": {
    "x": 35.35816734901854,
    "y": 26.88068146040476
  },
  "bene_name": {
    "x": 22.493074739408627,
    "y": 31.982886993932482
  },
  "bene_rel": {
    "x": 86.0664819416247,
    "y": 31.483431139216734
  },
  "bene_birth": {
    "x": 78.17174509951943,
    "y": 32.60965452467847
  },
  "guardian": {
    "x": 21.261676417113616,
    "y": 34.38713893007999
  },
  "l1_area": {
    "x": 34.68144039037816,
    "y": 42.70855424958429
  },
  "amount_cover": {
    "x": 24.393905764339365,
    "y": 78.21318266144574
  },
  "farm_prov": {
    "x": 24.155124600904472,
    "y": 51.544122833438344
  },
  "farm_mun": {
    "x": 24.155124600904472,
    "y": 49.681339573495535
  },
  "farm_brgy": {
    "x": 24.155124600904472,
    "y": 47.96752251521781
  },
  "georef_id": {
    "x": 60.07713249027361,
    "y": 61.50621222595037
  },
  "date_planting": {
    "x": 24.293628756029122,
    "y": 69.90231326450291
  },
  "farm_id": {
    "x": 24.293628756029122,
    "y": 63.03725418198679
  },
  "bound_north": {
    "x": 24.293628756029122,
    "y": 54.62485834499857
  },
  "bound_south": {
    "x": 24.293628756029122,
    "y": 58.15042486488419
  },
  "bound_east": {
    "x": 24.501384988716104,
    "y": 56.534540209936615
  },
  "bound_west": {
    "x": 24.43213291115378,
    "y": 59.96217432649207
  },
  "l1_trees": {
    "x": 24.388919614754876,
    "y": 74.2407175365649
  },
  "l1_var": {
    "x": 24.411911304505573,
    "y": 64.84127441353982
  },
  "l1_meth_ds": {
    "x": 24.134421014610826,
    "y": 66.11090102302327
  },
  "l1_meth_tp": {
    "x": 33.71191130450558,
    "y": 65.91646325350165
  },
  "l1_sow": {
    "x": 24.404155071818593,
    "y": 68.1220099251
  },
  "l1_harv": {
    "x": 24.38132018531721,
    "y": 71.5963884531435
  },
  "sign_name": {
    "x": 77.22645917648684,
    "y": 83.68934326348413
  },
  "sign_date": {
    "x": 81.56509690007344,
    "y": 88.80533470389285
  },
  "sec_youth": {
    "x": 45.42584456233166,
    "y": 26.819654522921667
  },
  "consent_certify_check": {
    "x": 8.501345763114376,
    "y": 80.87383804757164
  },
  "consent_privacy_check": {
    "x": 8.501345763114376,
    "y": 84.51117211161939
  },
  "consent_assign_check": {
    "x": 8.501345763114376,
    "y": 88.33745859457873
  },
  "mop_palawan": {
    "x": 48.36539717372416,
    "y": 38.388000829434695
  },
  "mop_gcash": {
    "x": 8.701769804800227,
    "y": 39.63496973693588
  },
  "mop_landbank": {
    "x": 8.815052947716042,
    "y": 38.38800227102725
  },
  "mop_others": {
    "x": 48.432205187619445,
    "y": 39.7106677618157
  },
  "account_no": {
    "x": 75.44297568618893,
    "y": 37.13135018635755
  },
  "rsbsa_id": {
    "x": 24.668885125773098,
    "y": 96.50965071250424
  },
  "signature_img": {
    "x": 84.39524954815698,
    "y": 84.74736263525887
  }
}